precinct,geosha
Aubry Twp 0-01,416f59f63ed67d5c572d2889105c5f3e88e9e3fde4f39b03b08cff85a87a68ee
Aubry Twp 0-02,5a8873439446e8baebc0fa4daaa2efa603104016203f50db3f6890a0b2618886
Aubry Twp 0-03,f012449b70e9e2af06429b64ecbc9cb9ecfb5d2d8c18e4f818f741a3d1b2ce1b
Aubry Twp 0-03,a0cde65f54651d0aa3dd1e363aa516311a7749757181a66a8e02a4ef1eb635ca
Aubry Twp 0-03,dbb99496dfcf3c913678143e36d1fbe2f55d766b6c3099895d1891f23652ea80
Aubry Twp 0-03,8b7f1d685943bb1a9c61dea590ad7fa5b856d7fcee57170fe9591241760c98cf
Aubry Twp 0-04,1c0389d6e9857ebeb854908a4f04cf9862c42a9ccdf1c1a10dc9b66730d87fea
Aubry Twp 0-05,0b628db57aa200217aa47909322761d02f2fc6c22ffca51d31e85dd8ea9fc126
Aubry Twp 0-06,4b0c3f6643cca0e4870f9f59b8d355d175f553b260f32e2d741ed12213b41852
Aubry Twp 0-07,5aa7cb3a2310e36528e75217a03f7574e15647ebcc2763f0ad7909e9eb1c27a2
Gardner Twp 0-01,ac26ef20efecc5ce4f9a167eb21e8bd22255cbf00311bf90769077d9b0b612be
Gardner Twp 0-01,c0d6398a502a75e616c8007242f8614287302a1ddc0e6bbc1f23959464c28155
Gardner Twp 0-02,57eb85beb4b999475bf1665989ce2c3575adddc61f35c64651e3b1aac857b338
Gardner Twp 0-02,0f9225bd1444e983d6b15e69bdfd3f1cdcae42887eed2276dfd7704ebd465119
Gardner Twp 0-02,98f9573885e88547c6a46bfb9b0ff7789c5fc325118dbbd11153a526086892e5
Gardner Twp 0-02,4b56f8739e3aac86e0309b3ff03e33aa9e75939f4cf5ce9115fe2673a11fc1d9
Gardner Twp 0-03,6f3f7b9b38d021465a3c4b9a55c65f8ddc844b702e5cff5685932fe6effc3a0e
Gardner Twp 0-04,d810383e5ab9a5736619de0574faf7424a05af66feab7081c2e7c04db560fe47
Gardner Twp 0-05,3e3388df57529fbd08a07b69e9f49270daae64e2b68c94d22ff189148ac80702
Gardner Twp 0-06,63c483d2b7f1878bc9018bc2542d5fec8aeefcee017a1955e76e3fe156d9189e
Gardner Twp 0-07,8d1b42aea7abc81830c31b5053bb547000be595728db25653c235d2887a331fc
Gardner Twp 0-08,0b8f5454aef5805786e47d8c3998a991eb974f2872c1a1f8663479a9464ddd0b
Gardner Twp 0-09,2ae9735e956275dc22e191b9b2b91b2c7742d4ff7bdda28a9f01b6d6731528af
Gardner Twp 0-10,5b0a2fe810104df339c712dab4a3ca457633da64e87241c7e862c744a97328a3
Gardner Twp 0-11,08d8873b1955ca5491f4efc7819ed7ec69ec62e6aa71d24144e45d812d57c11b
Gardner Twp 0-12,9e53abf8fb21dcc55efa72a0f09eae7d4acce51a5a11c074ca4322a12c4a896f
Gardner Twp 0-13,8080bf7897a1e86ef0482a380cabb465a6fb3c23b0c83aa4ff5784f7990d5078
Lexington Twp 0-01,e5211feec014841c413f8eeea88f5bb34c06a86cc7179f73992fc6938c1e4cc4
Lexington Twp 0-01,7656697cd8bff6435766f3eb9549036a728b12d8c647a9feb881b46709c5efc0
Lexington Twp 0-01,d761452dd83529ed5d984cd39bfe6d912d1101bb5a8c072e93574af9d5cfa59d
Lexington Twp 0-02,f5c3179fc471055a13a421e0f486a5736e223c12ed44244ab579ec069eac7bf7
Lexington Twp 0-03,0296ab61d3afb62ef45564ec72b3b1eff1117dbd85c400dc7162a871faea5e5a
Lexington Twp 0-04,34e8cd2e805cbb3f0628a497a45ee792a4e2a71c67abf2ad4230c26624c2805f
Lexington Twp 0-05,977e11a958f2a28c64802ece69c72d22d0b45061091ff15bc29b2a70fb31e350
McCamish Twp 0-01,cf97fa06fab8b1921ed5caa1d47cd73ea4e480760bdfbad77e7d83fb317c9b52
McCamish Twp 0-01,f626a3d86cb5b978046989acefe13abafdd60eb575c7303b2868655f02c3f4f6
McCamish Twp 0-02,0a005c913ada4d3bf76d77160dcadcffef4f641e281c363cdb2c372b49279a1a
McCamish Twp 0-03,7ee9d7f0abc8a15b12034fce4043f527a3ee2ef957e66df4fa565e970e47e15f
Olathe Twp 0-01,62babefc9b092103721db2110e9de6d116d493e9c7c4e97335915d0e1a92c8ff
Olathe Twp 0-01,16bccb560b49e60c19db2097b196f5091a5ee3ed422b47a091e6aa873f837166
Olathe Twp 0-01,563881078f3c24ddd2e6dcc85afd16a2989a14f0b5f49ee7380c31795075dc06
Olathe Twp 0-02,af3b2e0826060d2530dd52c502de97e4f5553be3b3bde29b771da0c0fb1a9008
Olathe Twp 0-02,0399946dd5ffe10821aa755fd3c476e54222d71d2f5748ce508e70d2287286d3
Olathe Twp 0-02,ba83fbd01f311f54c6811a1c4d78dee15dcf96ed582d188148480d76fcd3d8c5
Olathe Twp 0-02,30eca95cf0c5117fdaa7e50e738047e7e16c97002cbf84fa9a250bdc34e4a653
Olathe Twp 0-03,af6fe230d558760e6e8899d50854e8b5e43bee5a8897728396900f9d3fbf614d
Olathe Twp 0-03,70234bc7c58353a6519a10c21f33fc86829579dda51ad7789cc176f0dd33242c
Olathe Twp 0-04,2710b635d6ec28d7f415ba0bafafb703bb1d702e76af4853e6946ba8a0aba579
Olathe Twp 0-05,476a4b660760452e31f7dd8e3a3d6965fb818c4b74b970da2e2de182bccd6d1a
Olathe Twp 0-06,e2b247d2b2b0701026e1a807aebba1203d2b37d5589d3a17cd504293229b3fe1
Olathe Twp 0-07,447c9b3eb2076d3a57962053bb1d3df7902ff0d535617e1a539a0c23da9da6b8
Olathe Twp 0-08,992927db4671fc5eee80717f982e12f65fa54bc2ac682a1bfa3623acdc4b1bb9
Olathe Twp 0-09,fd54b42b1fb7d7d2705e95bb6a62f84db319a03123f4aecdd027a1260ef2037d
Olathe Twp 0-10,24787951bad1317d1b20fcc631c041b70816f91b9d03d245f4ab54358ab927be
Olathe Twp 0-11,aafdc469fe1549a1e3d1b0f298891a5f0e2def50b17c2faab7daf2282ce4aeff
Olathe Twp 0-12,f5ede847ef2e2c63de58cda1749b3114a15d27cd6f2257e1126ac83ea60ebdb5
Olathe Twp 0-13,c5ca9b917fd5aa232c035b6718440638a5c03f360b25e95a7e6b38d1f9d0798f
Olathe Twp 0-14,13b7f35673b9ae8270f8d71e7f4e5d1e6e0715dae1f6dedae1e36b0cd15890a5
Olathe Twp 0-15,ede28d86315f4625121c25c7480e4377fd433786a8bfb093970461775a545208
Olathe Twp 0-16,133e800a31d3eaaa9ac17e31d9177a95ded19fcb22f63e59e58504e2ef7ec1d6
Olathe Twp 0-17,56fa109914eeb28c6040084836af989d3b2355a0857d979a2c6b913c91c4311f
Olathe Twp 0-24,c67ef58bab6165328d8578211472e710de8720dc04e8e39379900c56c3177805
Olathe Twp 0-25,282a62db3ed4989ee8c516efe537c55f1a1683d9b6af59b546e7220cf915063d
Olathe Twp 0-25,9089bc264e917198bae65efbd9e1e69dfaa4387af14e390affe3d20831727e32
Olathe Twp 0-26,0cd39fda098e5b4655c80803355cbea9eb5933861dad693c4c77b0491c59cfcb
Olathe Twp 0-27,bab343038590472fb957696a50950ce813e6af2fd7c1fb3a41505822bc210db9
Olathe Twp 0-32,371e4f7462e73aa44631119d4a2e53a9ce030c82e28ee151f4c31b49eae0defb
Olathe Twp 0-32,371e4f7462e73aa44631119d4a2e53a9ce030c82e28ee151f4c31b49eae0defb
Oxford Twp 0-01,cbdad3803ab6beb4faa67158b421e63be8ddc1bb89f048d88e87ff06b73c4026
Oxford Twp 0-01,706b5d6ab6dbf43ea25dbac40febd2a7501d926a9fb5f9829ca968707c5e38c7
Oxford Twp 0-01,4dc334bbb562a03f24631ad82f6f38fbbcf433a5b76d7ed677aeaf08e1849c7f
Oxford Twp 0-02,f8ffc0e12447ef4a074fab92c8ced15da03d94ce192fae88035d416c1308d1b5
Oxford Twp 0-03,cec3dd97fa4381355f7fb5c6bc0773352588a3c1f1ff940ddc787939573af30a
Oxford Twp 0-04,43c1c5facc22d98a82218b6299474da7c983ad0563b1e27b9390f7894ed33dc0
Oxford Twp 0-05,b68eb93042e5b908f5947283436ee3d8a13b7234fc67db491860f1ec90db30cb
Oxford Twp 0-08,b5d0a7982a5c71ff2155e67669cf646d5ca25c3b2db3889893f80fc0170be69f
Oxford Twp 0-09,3787a72825065331d16dc29c9035e6c4f35f066c88f211f3c4692e29977395c0
Oxford Twp 0-10,4ad2934181f7772f7dc089c731a5dce755d284fb8bca77f90fff3ba8bfe5f02c
Oxford Twp 0-11,c4e75a511cc6c336102c261683e753e365609fff710e9c67266ba2ed0862d9a4
Spring Hill Twp 0-01,8c1ff8956158b1168a0d362e4c8d2691fac82ff3a420d1191324cc29bef1341b
Spring Hill Twp 0-01,32b09bcf1b5b6badc064a90280c5adfb03375b111dde8fc2b02081ef6c31f8f3
Spring Hill Twp 0-01,37ca7e39ef95cce821f21f3dff91c0af5beda0a85b2f9962d8c531c81ceb19d7
Spring Hill Twp 0-01,aec70ec1b807d1bb58f50c5be374d67ca3e477e036a339c1ced20d1620d5a86b
Spring Hill Twp 0-01,eb8d9723f7d77b966fd9844e7eaabecec94a6f8259568716170118a62683ac97
Spring Hill Twp 0-02,0899a552ea9e50383b71e66a0f0ed410c2169b666c0dd47227bbed28becbc61f
Spring Hill Twp 0-03,28fe93d6b19a066ec1c3bac5689d9c8d48c35c8782da9f555d122d48ae8f7a33
Spring Hill Twp 0-04,7c158ba9949ebf6b727da883f12eb40be1610e854cf84b65973fb61a4ac28fc1
Spring Hill Twp 0-05,433a28991070104ad75df21ab8b112a85c906565ed059d5fd01daed1e3ff2bcb
De Soto 0-01,0611c128ae746ea1a09e75a2fe3f13e2497fc2bf130004aeb74654a47c91a3d5
De Soto 0-02,16702dc68de2d0544f18a60aaf233a47a3170f07a9ef1a1bab0a2cdd38a2c8c3
De Soto 0-03,107c68b430bc64bd549c8ecf1056f87b4e2ee3997e192609272462f47d2f3b9a
De Soto 0-03,a80d32de79791b1ca2fc9ee3e1541d8653684b1b840c47825416ded4d22bd372
De Soto 0-04,efbf77646e4d9cd82aeea541e82d120e8c3fcf582bc07547c9b966d23b1618c5
De Soto 0-05,055e18c2b3df2909653938891c90332bc93eed076398463e854b86189ac525b2
De Soto 0-06,c29eb3debdccb4e5045c300c8ae392be8b989490bbb7b9c0111745ec79a8b55b
De Soto 0-07,0355fd74e588cf7161bf1196893c7e47203d69105e0d8c9ab27f51a1e7e9f806
De Soto 0-08,f85cf6c0ea2127e52c77b47d52b1e03d21a84321e0ff8c108a147f652c810040
De Soto 0-09,d761452dd83529ed5d984cd39bfe6d912d1101bb5a8c072e93574af9d5cfa59d
Edgerton 0-01,1aab00cd421b96b02c52c403a07a2189e5e597765d8f61d8d25404500eca42df
Edgerton 0-02,0d1361713881eda336f2bd7341e0394050b75ac6a7b07dd9abb5f957cecf0e71
Edgerton 0-03,c08c461a0c57f255d5b62a999fea752ee3a302d1f8cf3a907a9c8b2d9113e2e1
Edgerton 0-04,da162dab091e1bfae8a2d8748fd282a2092e1cbea172e9394f7b64d119133306
Edgerton 0-05,f43bb6997af435f3ac8cfae8f019e73ed960a5795e037e5cc0d912169e7444cc
Edgerton 0-06,ca5b44177bf213fcb24d9933e8f1211118d3e8e8d39d085c0a8187cae9b62639
Edgerton 0-06,735e1734cef0205feb6763437d94a519d00bd2e3564ddd7c2180c04382da588b
Gardner 0-01,1cde7efe74b6588cab711e203da789696f22e631e993d2ec48f99775de99b495
Gardner 0-01,6e57bbdb97f436398659d148a7a3a606361f2db287be733cb2abc88ca33881a1
Gardner 0-02,c11fcedfe6d104939645cdbf30adee7836ca5501343428370a2aa6d9de35f692
Gardner 0-02,9aee4371f7269bd477c22f447ec7be6759af422ac284ff75a112e8dd4caee059
Gardner 0-03,7f759b7cd73435021b6c2891c43a325365837d1b5ccc243cc0066a78236623c5
Gardner 0-04,6405ddc3abbb2128a34f8ed28c3d9ae24b736ca467b78b0d0c3026ca86a9677c
Gardner 0-05,d3d3ee9f7aa74e7597fd1b28b92ab2aa99a762b4344eae1ae0e9b836c724bb0a
Gardner 0-06,fae06c2783558fc72c309cc9d90895ca807b9b6224ed0c1218b27c549a77dd33
Gardner 0-07,2eb919f2263f1cdb39bfc07b0e3ccbd1d31780821e359cfe2e7256416591574e
Gardner 0-08,4588b9093792b7b8e217c41ef140e731bd64a745b516b434b791f36720e5da96
Gardner 0-09,66ecdabf611bdcbc724ff2352069cc346bbf9ab1286e0f949c3f3b8af48161d0
Gardner 0-10,8c19cb5a45fe7d52c9504caab4df446bf31e0d2a77e4003aab444feebd0911ba
Gardner 0-11,9e53abf8fb21dcc55efa72a0f09eae7d4acce51a5a11c074ca4322a12c4a896f
Gardner 0-12,0068ce34c686923557660de7a7468d5ebbdf7171cac8dd3f57a2d47210effb6e
Gardner 0-13,2947e356163e1f893e8c0ffc9480cce410688f99cdaaa6dc658e1ba4faf30d76
Gardner 0-14,1cb9b341e2f35375955c928db65e65b92a1323ac03b8af52d20d1431edfb0665
Gardner 0-15,a4e44da066108197ca3e6603202ca47fc5d39652de2cb57ff9e7b7b85c6c8117
Gardner 0-16,eebd2a735109e9b4fbe9f4c28f94731a1ad78e72141e978ff482e56fe87d88fb
Olathe 1-01,ac10e6e2a1429d5c948dc6c9e864aae2f20ba433f497ff4e157b97cda1d206f2
Olathe 1-01,c4b732e09bd786b86d0f3dd4e6ba2bfadf3d9df7d59275398405dcc73ab6bd7f
Olathe 1-02,d1163e1e5e1b9567c89c9351e1c2b95e9d288643976045e7abecb10abc2f5529
Olathe 1-02,a7cac3f58224e651f4b45c4ec46f5e2b16c3bd4147e7c69a8ece76aad2245446
Olathe 1-03,2cce2bccbb4cc427d1081797869a242f54a275c456e34ab9b15c41c99364d714
Olathe 1-03,2cce2bccbb4cc427d1081797869a242f54a275c456e34ab9b15c41c99364d714
Olathe 1-04,793ed2370db3eda617ed1d04d141b8503056b17b792251161e4e92ef7dc571cc
Olathe 1-04,d90859ab2738c1362b3bd6f5ef1c60580cd93cd730be88148484b965ed5c2a88
Olathe 1-05,148e512a2e3b6780383324bfe8da2b22a3b4646962bae8337aaeb17df80b3a8f
Olathe 1-06,c62b5d18ac4b969917fb16f4987ab3a182f22306ba07143af004bbcf7b85b10b
Olathe 1-07,94396804189e4d1ceff8974948823793daa5e423505ba3f59fac8ec8c5f2c625
Olathe 1-08,371e4f7462e73aa44631119d4a2e53a9ce030c82e28ee151f4c31b49eae0defb
Olathe 1-08,85519f1b9a58c368f9a9d9dceec13e3103968f51d50ca9156a9dd51c37ffaf30
Olathe 1-09,dd9478174d8aa598020213fbe3659cf831e0b4300fa2941c261fa3bc5a302ba2
Olathe 1-10,24787951bad1317d1b20fcc631c041b70816f91b9d03d245f4ab54358ab927be
Olathe 1-11,e0f2419484634114595f7774f51d4b3a9d3d7e461736d66a21fad834a05c8395
Olathe 1-11,63515d71379af7f07563dc831e774517e0df90f0b429d18c91e2d9fa66547735
Olathe 1-12,63d9fd7f22900a3292dcc2b574ea39ebe917d4776dfd788847c532b770308d02
Olathe 1-13,f194874238f3036ab79b78c6197bfeda774d90dd3da63db6f5e8ac55cb823318
Olathe 1-14,4e58cba80023eb07919fd852c4d431b24dc1dfba79fdbbd2e3b883773fcfcab3
Olathe 1-15,c62b5d18ac4b969917fb16f4987ab3a182f22306ba07143af004bbcf7b85b10b
Olathe 1-16,e3dcf3618c520c6a0f016c662ddb55744202b393bdbab1f1a9e3efb47af6fb5f
Olathe 1-17,f4fbb1c86e12939a57e38fba5b4b7045bd47be669699f6f3bfb219a89c7c3c0e
Olathe 1-18,905e054e2eeb73cf7291c3bb31ac824f22f6f691f303a2bdf521a4eb6d40e2c7
Olathe 1-19,bdaf4239e54792e92345c020aba4bb4db6aeb9c70eb6126ae59f14b1ef62d471
Olathe 1-20,0819716a9442c9ca14ef06a5c131f6413822206300a2134d4534d0170261a660
Olathe 1-21,2573dc20c3f3eb7c051eec8788f5c9462cad15de05a75a9f0c42a49db3cfee01
Olathe 1-22,3bd27fe25fc3527c64289c52bbee2cfe16766c2c14efd53d50fef9ad1b1d48bc
Olathe 1-22,eea142a2cc0d19267bba05e528c315208b54405924e739be51b61d296ae21b1e
Olathe 1-23,1d36850c8da2385e8f3ebd59a2dbb540c712f7f58d1c4399f65f28208037ec8b
Olathe 1-24,c573f2a510176839f1adf9d4aa794fd381c10449ff6cdd3c34b117cb39b13165
Olathe 1-25,672fdd6746ca2b907f63581bced5b6b0bc8ccdd567d32688980f2cbb6c6f35a0
Olathe 1-26,a7ff9579c462cd5807e9baff30ff72beb391c99b2fa4193d45442df08df8ed1b
Olathe 1-26,c6caa68fa812a908fff8bdfeecb462e6463e30950fc6193751867966b4d2b00f
Olathe 1-26,be6feb4280e306ab7d86fe7c5d4561d70f2d6dffffe9ae0163833aa7c09a696e
Olathe 1-26,4e744f0150e5935d99d3d45e0d9654b295285286284651c6c9d9e6bd0874e5dd
Olathe 1-27,e0f2419484634114595f7774f51d4b3a9d3d7e461736d66a21fad834a05c8395
Olathe 1-27,63515d71379af7f07563dc831e774517e0df90f0b429d18c91e2d9fa66547735
Olathe 1-28,b251ac82e0fb689f34624fccfc67e76eb9085648f602e8c9041ed9860272ee10
Olathe 2-01,ea193cea6f3443daee101fd9e35f95c9f2a594987acb84a3185e24a3266d54cf
Olathe 2-02,5c946c8de0cd496c77ad33a88fdb1806697a0fdc73e99f88b53a6116cb877f8f
Olathe 2-03,29ebc534ac2a2a83013946eee3b26230606f33f4433cb62954b75b51aa482fd5
Olathe 2-04,b7a554d7340e53c908cc48dbcdafec170c0d1987f7138ea7cfedadbdb5174b96
Olathe 2-05,dee059dd52f695b5534a1df974159dbe6ee10424548c45423f7f176bcbe8a4c4
Olathe 2-05,d1746fe4abc66a23024fc011a68293305c326b433e41f15204dfa6bc0a98671b
Olathe 2-05,0a8d348829a1c25299eb832224b80f2806a1bab1fcefcc0cfdf744cbd914594f
Olathe 2-06,a533306cd0ff5e184c88a403bda03ed8e23e0ad043974378418a082aab4fe007
Olathe 2-06,ee51e4f3f8149de7198e4c109e93639b02bea25c3bd3c6003cf497ef3e4fd512
Olathe 2-06,7377150102018a3e2d352138c16db5b827ef6ad8bd272cb432b22335fde8e100
Olathe 2-07,d99bc4d30df1df1e7da7275f97a8298709004e2f0fda7af75f0a37945b249a74
Olathe 2-07,6c04e13b751528bf1eb5124b3a7191a832d7bd5eb03c65b7aad12472eab84c3b
Olathe 2-08,68c89708e63603341bf328762b80c52c40ed3151e9eba010087d407a1108c7d8
Olathe 2-09,765a9099fb7e418593724907c64c66802899484fa1c806e2686ebd02b07bc626
Olathe 2-10,dd72c021c08ddbe5479c564de3033c1804f47bf0f0136949f3a28f58de1340e1
Olathe 2-11,0e4e87be0058a951cda62feb5829ef14f57cebb0ab9e8cdcae90ee72ca412dc6
Olathe 2-12,9a2b40b0b51a88e6bd5cc3b8cbc4b698b9105bdf731808fdd9c4b4027fd7d1b4
Olathe 2-13,73d6e5e6f27e07f0c969b14fd3af052b71f356b4ebae86875960e733b6d7eb5a
Olathe 2-14,729cb915ffa3d556b95553db2881c3c15a5d7e3c3fe50237927f7596a015d845
Olathe 2-15,5c4e6791acc7f8be448a664107e90596e075b89f9f52ee1ea4e023670c8f4aad
Olathe 2-16,78cfaf7944fdbe70ec77bc64349caa41607bf66210e2d74323ccc426137e6804
Olathe 2-17,a9f77fde4486e7592179720d386f74bbcef0b2f2c491c8bbdaa98596df93113a
Olathe 2-18,f5a64b2bfda12f8f5628d7f7eedb7294324cf1345ba70e3f967b87f781198bd0
Olathe 2-19,0015797e59bbd51721b323363025b10973b45dbbd15a753d1e937e689041eb16
Olathe 2-20,fca72a336510173baf8bdd415ea7b9dd188f386febbeb1c134b5234a3f9794d2
Olathe 2-21,ea9cb9703a1f4b148e315b2f2ab2b4630974a7c2ba7d0de204d02ea85a589bc1
Olathe 2-22,e918bcceb8badb7113a0e97153d30dd600e5e81655c07ff449e104e805e96d06
Olathe 2-23,a7e320d03a5aac1b417662bf62bb519683f7c3a6d14d3c19ffd9efcee12a06e7
Olathe 3-01,3a31b750904779d38cc1eb269cb4dc35da7d4cbc36dd302b2a1070a69278edc0
Olathe 3-02,1175584072f01ac57ff87a37e85a7a2c41cd997a641d20a6233ea2f7c01dc61f
Olathe 3-03,2f54fa8cec0becfeecde8f5c48058be0418951a76ed26dc95a3b32232fc6b2a7
Olathe 3-04,e772c82d0da47de925f9ac61e97b32aa59f5f2b97dc3416baf29615d46380ce7
Olathe 3-05,91912c63f85de93f733e66505b59ecd5c9d7108d21a493f771e5b8cebf132bf4
Olathe 3-06,94c597bdbb8aaff7df7a85ac3a511a2bcb942262f764632898674a6bfd50f552
Olathe 3-07,fa1533eb4e637af2fa5c8cde5c4d3a30d58bf5ba092565b5ecd43497b7ba0c6c
Olathe 3-08,4cde8baeccece60c71621ae64e3212d648105f778855c5cf803286aacc8021fe
Olathe 3-09,36df42a88d556f9f58d116d33ff59b347b565b620193787a28bd2867aac35b51
Olathe 3-10,2f54fa8cec0becfeecde8f5c48058be0418951a76ed26dc95a3b32232fc6b2a7
Olathe 3-11,428838dc33315f7878b15edad06f9d5d673e567f2e1c06bc684c84ea23e36aba
Olathe 3-11,8e81b953fb0a9e8b7fce12d2f3db0d77a099dd1eb850435be83fecc994749d26
Olathe 3-12,c4e75a511cc6c336102c261683e753e365609fff710e9c67266ba2ed0862d9a4
Olathe 3-13,e5e109ba2505a20317dd786e0efcb8424f4b616b02992a13e935415e2e865068
Olathe 3-13,14a71c5ce11bdc629e66abc4b8394579f2cc37f0897ae9f3ae0263586d4e74d8
Olathe 3-14,c7625d0b685c5bf0aae22784fbc738b68b0cc0d4b5402c5c6840997b4c122b68
Olathe 3-15,c573f2a510176839f1adf9d4aa794fd381c10449ff6cdd3c34b117cb39b13165
Olathe 3-16,428838dc33315f7878b15edad06f9d5d673e567f2e1c06bc684c84ea23e36aba
Olathe 3-16,bf3081cdbfd5a31cdb592db2eae458d2dc95981be739edf101685e23217fee9e
Olathe 3-17,e772c82d0da47de925f9ac61e97b32aa59f5f2b97dc3416baf29615d46380ce7
Olathe 3-17,f8fa58a4b44171ca6098ecc0735b16194f8813c4d6aff8b330d3bdfd4e26d29d
Olathe 3-18,cde526f7ac7f97ad4c6114ac330bf92e080576149a3b1a49f77ccbe00829dd86
Olathe 3-19,e5e109ba2505a20317dd786e0efcb8424f4b616b02992a13e935415e2e865068
Olathe 3-20,4ecf9072e6e83b7091bbe1d67175fdbe94ebb6918b45fb80da74ad33075def59
Olathe 3-21,3bdd4e20e1429e1061c8a242e8e6afcd34edb48eec9c33781fdf965d2d9c7fbb
Olathe 3-22,a4fa91a4c6f1692d2d6eab038cb3b8d62df9c63f5d40643141b31d5cf56a6f70
Olathe 3-23,f45b7af60635a95c71234410de25839a4fc6913dcdf952d8a9fd643afe26948f
Olathe 3-24,47b1ed3e581b5e4e8dbe03b3210141d7e03ac1f9dc463199bef74ba5246a1ef9
Olathe 3-24,9e174982d9b12e0db04a403584ed3d8cbbacb9367ad6916f03bd0d31561a47d8
Olathe 4-01,bad92759e6f898d02c7a167de81329925de9e9bfc5a25898d92cf89c25ab365e
Olathe 4-02,8f6ca3af78fe9bea16c306ccb122e85c02e2b796f9ecc79775375ae9b150693e
Olathe 4-02,032d334f17adb78eb22e25b1e403315a7dd3999b4e831a3ce0684f704045ce03
Olathe 4-03,c31e6d81f25b457caaf072b4431f6ace4e49b423b96b019257fa0e02d8286560
Olathe 4-04,377f338c911b01451a47abea7b9eafad6976dd730319998aa6cc73fd6e9053d7
Olathe 4-05,7d97042a6aee9f22b56f825ea4d6047ffcc926651220f60995fa995d4e72b7d8
Olathe 4-06,1226663db108b5ca99eec168fa78d7f6cc97f6a32f8a63d9716afe7cda82b8e3
Olathe 4-07,2626d076a3c23f9c894cdb9eb8b4ec01b05e61a64969665cc3d1b16b844ed342
Olathe 4-08,9b1a9d2ae4da2e351e9137f6cfbcbb30cb1693261743bcabc7a3bb2d6fafe596
Olathe 4-09,fbf8d7c7a80eaa3019c2126f28e04e92b8483d86de752ca97da910f22f11a05d
Olathe 4-10,312b85167c6d73a71544a2171ec52776ad1a902e3a72375204c9c3172654847b
Olathe 4-11,cd9f05782dede98204ef170cc2b6883594e902f605329444e2a0864af379423f
Olathe 4-12,5f708d8f2ef54f40347cd2108a290d4a615cda55f83dbb53fa03bdcd669b41e2
Olathe 4-13,76ee5c88fbd0bff77d2ce9a755e654e3577e28e0f19a29d12d03b30dfd7c2c14
Olathe 4-14,8a4bbb2f21a8fb91845942da46ec892baa92641cc353cdcc62c9872331b1747c
Olathe 4-15,248657f4735b50aa850b76c94355337ade83c96d86fbd15bdd7f558781a87e09
Olathe 4-16,f8b2f658342210f1e69be93b01f26ebea5f6aed313aa205665f22f05fe7530b5
Olathe 4-17,bad92759e6f898d02c7a167de81329925de9e9bfc5a25898d92cf89c25ab365e
Olathe 4-18,e534f73c5ffae86b6065279c491f81c2b73dab6dce6bb695a107060d87becb91
Olathe 4-18,ea92439e5c47898599a4c8b28dd1472c4d620265665ba97a619f3a8513939f2f
Olathe 4-19,57d6c8cc44f93f7354bfa2a98296df2b4b1695c8a8d31f682e192dcb764362f2
Olathe 4-19,ea92439e5c47898599a4c8b28dd1472c4d620265665ba97a619f3a8513939f2f
Spring Hill 0-01,7c3408c0c69aa713687dce8d404e8f6175fbf2bf97f4d942e677f44c2c820321
Spring Hill 0-01,3ade47206095a254e1f9795fdc31537d8add3b32b361364719a7b143ca31714e
Spring Hill 0-01,0fb7e1c7978066a95e2ab10193b2560430eab14390068cf9c7ceb39f6b0b90fd
Spring Hill 0-01,e5c9b5b08fc682c101a63b4790471ca00091379e414faeda4617a96218aadda5
Spring Hill 0-01,0e4c9c5dec197f3f57e96de088d85f4bb94223155f206d46dcf8815edbff3d67
Spring Hill 0-02,f29a40dbeee6a48e0ecda2708c39134f157c8b4eda8f8ed4d7567d230ea6e8b5
Spring Hill 0-03,96e1882f9813592344d73951c7d1ad58d80afc0804341e3c8497bbaa358f8afd
Spring Hill 0-04,bea6d620dc1a79e015c40b653cddbde0d94900e2d011be338ed41296294b3d9f
Fairway 1-01,f93e71f41bc4470e0296ca69e754732d00dd1bf2dd274a897d52607600b89038
Fairway 1-02,f93e71f41bc4470e0296ca69e754732d00dd1bf2dd274a897d52607600b89038
Fairway 2-01,e6e5ae795732845290478f718df9ca6d0585ec2ead263ba9480d280223e34ab4
Fairway 2-02,99e0cbfd87d3b013c50e3df54c9c0433d28fa605dc6d0bcd4f61835fbf7a5e6c
Fairway 3-01,97f8d76ecc4e343bdd7045431cf5f390d51e43783f00529bc6bd9b7df81e719c
Fairway 3-02,145c0952475bdfcfe61b748663a5f9269e3fc1bb7a791a44af56de16a34cef9d
Fairway 4-01,3136783f96dede021bcc02183adc8e55f81e1bb95b94b34b4a020940de4a4ebb
Fairway 4-02,4fc330bbab68457ae3cf179ccea234343a68d15427d3cbeac0eee9ab455feed5
Fairway 4-03,4fc330bbab68457ae3cf179ccea234343a68d15427d3cbeac0eee9ab455feed5
Fairway 4-04,3136783f96dede021bcc02183adc8e55f81e1bb95b94b34b4a020940de4a4ebb
Leawood 1-01,8a08773ce6b239f0bcbe1c7c992daa0cf04cdc52318ddbf2dc5f0834d4070e8b
Leawood 1-02,e375b90cf440716ef83c29989c1112cd01ddaf7df86bf81bc1149dfb857eba08
Leawood 1-03,9dba5ae9cf847a5e3687f3e0ea504d7edb90ea53db59685fee5829b8c61041bc
Leawood 1-04,ee245f212f63466b303ed04963a2776dcab1978f4ea04e0f5bd80bfd22841a8b
Leawood 1-05,9b33504dcd66a1bbfad641aae3db2e2352ac76d950f120a2d14cdc0392364b0d
Leawood 1-06,5e9444c8ea083826c61bf5a70df772ce9f04125ed314199d914c56ac36be4ab4
Leawood 1-07,cf7e8ef5f2cf20e09493f4d26824cd134863ad1d84af53bce11f212399500077
Leawood 2-01,3588b844700c530fda75d26f7128f807dfe700c545317c42af93be0d6de649fe
Leawood 2-02,7391f98dceba3c68973754b46aabbc054259eea948cbaa0613766313995f26d6
Leawood 2-03,acc2fde1402b38c10345f841de70e0257548e8bb1fb7587376832d3e4abd5a32
Leawood 2-04,82701bf7e1cc7789bc6972ff27ff728d9bd46b9db40c06396ac493d10cd32280
Leawood 2-05,0932202eedad8c3e519c50f004c2a18ace7e4a8e9f979e15e95d09701233f62a
Leawood 2-06,402623f6ab3d36023eec39bab0732fd78bd1f750d2e735c9d0a49bfbb34241ee
Leawood 2-07,0932202eedad8c3e519c50f004c2a18ace7e4a8e9f979e15e95d09701233f62a
Leawood 3-01,462078ec6bafea579b7535dfa568cfe09019c36e657e986f3ee3a706a14132e5
Leawood 3-02,4cf85271bd1866d119d2a749115551bd341b67db0227e9e1f0e72e0750d84839
Leawood 3-03,462078ec6bafea579b7535dfa568cfe09019c36e657e986f3ee3a706a14132e5
Leawood 3-04,9288454c016d1dc87ddd1c1a9fbef6e088ee28fa39f98bf2f8feee71ab13008c
Leawood 3-05,d48750e43ebd2877389ccb4f309688e3f671f04559346d500b76ac5ce32b47bb
Leawood 3-06,8c5e97545f5cb097632d0b084d625dc953dc8bbd198609f4d7da0a0b69ccbab2
Leawood 4-01,bb8f34e57f0be18aa7dcd4adf35f56f761814184091415c0d230af07b685c20c
Leawood 4-02,c9ccb7285cd6628b411f9a442dc59880b25da19223abe8bfa63dd9ba97a11cb2
Leawood 4-03,0d51796ca7c31a81c02eb2e10172c833db4d61537b4324de98e096a6c889807b
Leawood 4-04,1a0b2dd6d52af68812a9bbb7499f2fca36735206f2b1ea4b56930b95c68092b9
Leawood 4-05,e1cc9c1e98dc5b4dc322fd0362663d050c4d54f2a5e2ac765a5c9fdb9c0e4b5f
Leawood 4-06,1580978438820a8c81fd513cc0cd5419689360423df6135eac6498959f799cf8
Leawood 4-07,a8b3b87c33831fa8a0ca30fdf406b48a61c8e6a0c4120823e135e8c64d3eebf9
Lenexa 1-01,879613431146a23b9bf8acea8db29c6fd710f141503504b35a153adcfcd901ea
Lenexa 1-01,b56abcaf3901496d5a5d1362c1b3938203d5c1ec064370ecea6eb0fa88f0e99b
Lenexa 1-01,a9fd501de586db30f1d66271131cf55e2cdcae759aed46b78e09256e41fba680
Lenexa 1-02,b5506ad9aa4fb382b5b54e7dbad142a9359989316e1b73c7c34cf8e017188638
Lenexa 1-03,6a64ca655cf4d11571d58f401e855f7087d7138f26fb9cb6d1e308e0b19408a4
Lenexa 1-04,ad10f138780bf86d51f2d31d5ef3c5fb2927903e7d7df87349e793caf877b3ef
Lenexa 1-05,41d17f78d0edc8f9e089dffb1e11aaa0f74e1fd2f717aacdd5b35ba916f820e7
Lenexa 1-06,504b866e4b6700729f77064d75b4a5f479b583c2d689493dc24700240a64150a
Lenexa 1-06,dec640638ae518ab214d998c2b37cca528eb0e163e30c1d9a6e513cb5f89d70a
Lenexa 1-06,c86496e8238a3026d5f07a49780a637ba3d025a7cdc93847c15411aa454501bc
Lenexa 1-08,69636fbaac599db8bf04dc150e936e00be5f92776d51f3010407e47fc1c8afdb
Lenexa 1-09,3577faf81cd55802849bb44bb6682a165546214ad69cc09e47fb332f6a139f4e
Lenexa 2-01,c4862e8ec9a1bf653ae857f166483c805da042083c32305dd0cb6527820199a5
Lenexa 2-01,0edb2616936ec0683a16d0fa95fa737b9f8ef200ae479eedc8129828a709dc1d
Lenexa 2-02,1fffcb765c9462ebf9b1f6342ee88af61d6175c50adf823d956f1a098ad0f01e
Lenexa 2-02,99b6e7862fa9b31861f723e10a813b8234ae65897606b35b473c66f1d4af4433
Lenexa 2-03,93587a8ac6971b4c45317896e83863300a870cd83b365229da5a5a5ac67fae01
Lenexa 2-04,268c50e4f9cf7b85c744438ea159c4acb27eb2fd8a146fec56840a4837387926
Lenexa 2-05,e7760e85527922c1bd7b0badeae3253cd992e573c9526f8e12aa80ca6f5c6bb9
Lenexa 2-06,2a52c3f70f44073b456b55e46660652db8f2d052bf2dff5a41dfe6bc38d77628
Lenexa 2-07,6bdff57e86d66adce813d2be876f9e5dc7d67f047740e766a1fb031dd15d0159
Lenexa 2-08,7b11858f70034a2514587c6fa6934a9e855fd6f056bedcb59929b5d496c39fe2
Lenexa 2-09,6eafdf2542ff59c8e4ca98ec652ee0e7d0d03593187b78463caa96729f33b06d
Lenexa 2-09,3a3d803f3b60dbd2f11fa173f6e680ca74c6207c53c04436a33ed8b5e6804934
Lenexa 2-10,ff188b0eadc22df6f3b2232eed89b4c7038ac04d1021ebc276adba0c6016c825
Lenexa 2-11,09356fd76850af890a0f1fc96d7627062720dcc807830bfedcfcccfcd812063e
Lenexa 3-01,5a1862cfe44466698dd97d019423e11309235d6d0e97d0d05b634fda3d5fffa3
Lenexa 3-02,82abdb9b20ab6b6f3e9fd6571adc02fa320e7111d40e5cafdcf025bf1ee94a53
Lenexa 3-03,e84d5ba8a7fcf47e6ecb4b7bab6c63194cc0bd24053fd968ce63e159ff24c205
Lenexa 3-04,22343f227e1b656a249acc944b56cd0b7b74271024df1628cadd2816bcdd7687
Lenexa 3-05,a7b1323abc8ae4a5abe7cabf43aa2b6c78798e6d1d91a571607c3196d42b7fe0
Lenexa 3-06,49bc3e195a4fa07d4ceb7086d35ab078d31732d6399e06cf57e155a5067e2e71
Lenexa 3-07,33a118f96172c1c33c7b9daa61d93f0cb6727c48d98104859d748bdea7cc1259
Lenexa 3-08,afc917715dd6a5867f40d6ff9e6b92fa366ff6e0c42d83694178a1c420bfbe15
Lenexa 3-09,b2c8c0ea394aeaf7f1257d19ad765da81f7705e453ff96610139a0ddd7d36a10
Lenexa 4-01,edb1e8e84f0a71a4fe4c7afbb4173d205ed88f11a225f77db69dfc11f2ecf97a
Lenexa 4-02,c19955d53feea2c6a1498b70b443ac80559c7bcb76d298de3eb1bc61bf893333
Lenexa 4-03,3c1eb7becb5985623d44fdbdd0335731287148266e0f09edfc96fb874e7f65cd
Lenexa 4-04,ed853a432e801239e517a543f68c3e536528e377b1b60bf00ba7afdadaaf7e59
Lenexa 4-05,9cadc405f24616d3e7f800f093f41447bcf06e5465cb00d80b22b819cc2511c4
Lenexa 4-06,74506043a2f4872c0d82989d7a14c222949de8c08284effe16c824373d2517d6
Lenexa 4-06,e6c557d43971a256d50b1c31c10dcae32c8a5c4af84199875b969bceda8fe5b8
Lenexa 4-07,f5b0372a60b5c5e0dfd22e7becff4c827c1f22627b2810ff56f86ce0709b2db4
Lenexa 4-08,0156d257de5b91bdbaa98bc7fe8aacba08cbbb5e4e8f2c3bf81e459ba6209f78
Lenexa 4-09,d92c9c8d61ac4a97f19b4618e59ce5005612e990cf43ef05c25f27130253e7ef
Lenexa 4-10,23d810c697aded7e15ddca8ffcff0c4b95d744d14e985981d49792762ea5a742
Lenexa 4-11,25056d29ccdc10d62e6f2493b6371ce024c4b9b39abeda4f3e85fd39b52dac93
Lenexa 4-12,6e5f5977f85fc7116fe1aeca07ee38953eab1fe80667b3d3da51e82f3e611aa9
Merriam 1-01,6f11be14be73d7905ccbc393aa77ee82ae2924f4e64fc20f0ff0fc7daa8e0d61
Merriam 1-02,dbc22397951ac360a3ecb0d1d13a8c95789692acc72f7c2f2ea451091ebe2ba1
Merriam 1-02,60ede6c0b73886e3e1b35955bf70ff12167be3f4f40de788b3f491d31703c5c1
Merriam 2-01,c4520f56d829ef5a7cf0d7abde4b7d35a5d39abb49f507ce820cf5aa90271509
Merriam 2-01,c4520f56d829ef5a7cf0d7abde4b7d35a5d39abb49f507ce820cf5aa90271509
Merriam 2-02,dc94f8421045e5f00d0427630392069017997af0ed5530bafa9d7c706b94bb5b
Merriam 2-02,5283ac2f66949e1820454da75c6b26134a9e235c48d53b6823809b4562e22ae1
Merriam 2-03,20185fb3cb23d5a1569cb9d6bca61a24633f18625c6e5b5de63744d77c576a68
Merriam 3-01,70eb90388ac981ed835f71efa875cdae5d78e171deba11208067b109a6b22e84
Merriam 3-02,ba320c39dcb77abb78dd84dbb3a007dfc1b5a9eb078c990a1dd361c5697f0160
Merriam 4-01,d685af8948b50e7c01df72922cb83878569a368a49025aecd9b36ebbd6579ff6
Merriam 4-02,631110059d6b6a74f2d0c1418afad39374dd052617a20b34d888a5c3a69b8ee8
Merriam 4-03,80238e26bf45b03750885c63a9558103836a20fc549d2d70b8c34adfd4f59dcf
Mission 1-01,64c05e377014bb3e84c399e6f066e32611e0faa64f45501544a0ba420b5d4fff
Mission 1-02,cd02abf3c907fea8843fd6324a09a86a54e41a2c3a949edc8ccf07cb442031e8
Mission 2-01,2c39afc5c39812a917ac7d59fabeb72196925154825e6899b7beef413bc1c8fb
Mission 2-02,1697b3e9a38a12eed09f9eb2cbde991da437b7697ca3d09333a8d196157a06c5
Mission 3-01,7b072f6010e0c7f9ab3e004a62a399aeef61ea521f99f446b44c502a1f3423a7
Mission 3-02,87e8fc363c66ae58b8c5e9d8108624bac691d21330dcdf58b70d69dbcd214cad
Mission 4-01,38b1113e24351b56680c6ec1d3f2af1fa43b864765781076b7b392c6e9b8a871
Mission 4-02,8ebcea284e986b30a15f8ed742dfb8664d80441b1ebba3e17094cd40e4e5a221
Mission 4-03,081975a476a7290fc2a7ad12c2e201f76549d31c40750ec5a5c8a0a2d001dba8
Mission Hills 0-01,589167bfeaa17ba7b51fd143ec4bccf902bde57ffba09f9ddf83bbc55c4adf5c
Mission Hills 0-02,e52f65a9b9dd36cb6c9d829fca789c74f070a10a34ea46ede825dbdcd4fa948f
Mission Hills 0-03,0dd304b790506a9213101668204a2650b60df7ef993d96428707100f2a9263ba
Mission Hills 0-04,4ba2ad388139865d69add369adaf9c4024616aa3be7f8aaac3d4aa681fe2b49d
Mission Woods 0-01,7747c850f1b357907b3cabdfceac61e290c3c19c4bd53cd3c3b4a395f6796bab
Overland Park 1-01,4ec5be2af9d7727e38d1326e8fd55063a817f2ecccc213930f054b6534ef1fb5
Overland Park 1-02,a8e550ee2271fbcfb671dddec98023356b4104f7f43d1fd7456ecc65aad4422a
Overland Park 1-03,502120568dd56f58b01e2217303ed95dc1a673fd024693654b3d20ab11b14a90
Overland Park 1-04,0e3f6aedade8970b1f4f4be67b02c3633d7b84e5a9c4388a6b57e02f2b895820
Overland Park 1-05,c2ca369bde6ebe1fdef52b0b5825ff5732e0c60d9f805210928834e23c93fd2e
Overland Park 1-06,4b195a07b3c689d83ac608f27fca273ad2527f11cbd240d0ce3dc6d2f146f35c
Overland Park 1-07,df07fb63281bdd2f8801b628b95ca48781ca73ab0cd6fbc0fcd0b61bfbbc45b4
Overland Park 1-08,9788394d2aa81bacdbee5c768c97300bee8290917734206969b24523bdf87754
Overland Park 1-09,5b37a207d872156f49a7598722e3b17928640a3b800ed2c5516556652249f9d4
Overland Park 1-10,84ab4ee19387993fdf79f3d473fdf43b6527a5992371d7221ff2c681306c341c
Overland Park 1-11,ab0aa319b714fb8dd8eecafc22c9a5ef50dacc6dd7471c85d4c49f40515caba5
Overland Park 1-12,ab0aa319b714fb8dd8eecafc22c9a5ef50dacc6dd7471c85d4c49f40515caba5
Overland Park 1-13,f37a6c72c0b4a485829af85557b0b1572a1175b2155b40c69cc9170e3dc938f2
Overland Park 1-14,23dd44d4c3847f122c628382a806f238404a1fb7cfa642e1a7c329011b1856f2
Overland Park 1-15,13fac7bb6910b0cc6716a309aa1c10b4fa689baf2612c9cb8f0e61f610c42941
Overland Park 1-16,0403b9460531799f298666f55245edca637173a08066ffac357bd90c0cd0b5a2
Overland Park 1-17,c3c7d22e5b27b5a6ab50d73376e6114664b3020a41258be1aafc1959025da38e
Overland Park 1-18,b3b62bb6f8601a082b9b5c849d7a06bb980f8302120604ea7c41ad488d83f803
Overland Park 1-19,87f9d8eef48a5438e34005fc538138f28f7a88fb19d10e7cb2cf940f3a3f0410
Overland Park 1-20,db1a1cacec7cec9f9d1c3137d717be6c06bd71c3f7d633b0ac52b020d6e112f5
Overland Park 1-21,5868c09c6f6f18ab09cffa5c5eab33495208779ac8befc07b755061a2f40cc82
Overland Park 1-22,d39ccd1250f70ea301910bc2fb55500c2ab011740491a71318677d3649d9ebc1
Overland Park 2-01,8934c569d50f8454e2d1e64496378780c3c30c7b6dda1594fcdd92a49d6fe8d0
Overland Park 2-02,e5d9cad1ea638d078436053dc3505b3c4afce7cbd3cc3b6d83215ca0811bdcdd
Overland Park 2-03,296096f622804816488526ee37909b543b3ec6e5b836b4a171583b6ccc285ad0
Overland Park 2-04,18f13f560d84e74b057d4624e56c142c2837f3a7ce1e1ae56d1d8b57ce7ba288
Overland Park 2-05,8125e20105252ed4c8b8c8d69db47ab25fceb71c8ae4dec0ca2c9ffd26c0ef8c
Overland Park 2-06,5e2b60e71cdc67476b9190c86917afaed32a551fa91a917f216e8cde4d7e6546
Overland Park 2-07,916f38249056af0148bc9feb1f93fcbd55b2e9a49cd201ce692e58da0f8cf4a4
Overland Park 2-08,c7f718afb487c2dcd9fc10ae1bce8e11d909d400552f13026bd59922f5ed4cfd
Overland Park 2-09,bf223fdf4e7f474bec66067592c3e9164ad5101cc3232a7e7b6e2bcbaf78ed9c
Overland Park 2-10,05aa229b5b446fdcc66fe2bea514c7cc0dd077497f64654eece3334084cf9ae6
Overland Park 2-11,955611c4bf2dc8601b12bc2f500135a5139335b93ec36a3df0710eb9f7b2dc5c
Overland Park 2-12,47da359e1d7d3a5d22e5577d964166361bf1b20ad704c47ead83a93b115a6ba7
Overland Park 2-13,7896a6a2d9176f79fa6fec43437e44099946eff3d5ffc76ffadd0720329f743d
Overland Park 2-14,fdde48c9cd22c183c972d132f8dbc0c2aaffd6ce6c0a609aeb000d6e4b00e61d
Overland Park 2-15,346efeb9ff1800a5f293ca67eb5fbd5de915142adec4f19a525efce83b4b7c27
Overland Park 2-16,68fa8e54e0704da1b384dc9241bf7ba7814b249e162e112c820c43a3917ed3fe
Overland Park 2-17,34175b8a08c5e3c5404f63416f456eabf375572fa70f598756f5bec908a858f8
Overland Park 2-18,731df544361f0e21b468dd9c47c5cdfd8d42b8acc8cc33b6cca20e2c7a6d8e16
Overland Park 2-19,d56d81809ce7ec83f281545113b7bbe2c814769cdfcc9f518aaa03050d8ca333
Overland Park 2-20,1d56d0aac9ba8f60b6e0d49278591d40d55fc642123ec080dcf53d737bf48a2b
Overland Park 2-21,4ab902f1828a40cb0b7dad1abb3e54dfcf4e23d2b4f2081284941bfe7b40b17a
Overland Park 2-22,8934c569d50f8454e2d1e64496378780c3c30c7b6dda1594fcdd92a49d6fe8d0
Overland Park 2-23,923053e2c4ab49f095809bddbbfb738bae13a94c31aa4278aa401f5fb56919ec
Overland Park 2-24,f9848bace256d0ec41512abade11db5916201e7e2b28f2a89c4fcc719a87a3f2
Overland Park 2-25,0f3ae7497ca9fbd261bf82c5434707500cab71b4214362993766a290224bde52
Overland Park 2-26,ab0a8377b0bb4154bb0d1ccd4006b1fea3950131db19c849d51ff0ebc910ca33
Overland Park 3-01,171395932bb1080c40119b5f6324a34cb52c3675e03c6b23eb5219beb6f9c30a
Overland Park 3-02,4a0aafa4cc0c2954397be45b3aef6c74cb7fc064bd7f70e81ca736953b61ef11
Overland Park 3-03,39d3205412ea7ea946c8824cee7e1c12213347bf44cf474d56a82e02f3dc1f83
Overland Park 3-04,51ff09529224caa2618072c73feb1f298ad4f33f286309ca5ab0868e734c9c55
Overland Park 3-05,86369c39aa460940ee981eae46f27797fe105f849b4196160903ea06603e8e87
Overland Park 3-05,be481264373d784f352451983ab2dfcd0be8000a90ceac32eed41154e12a4147
Overland Park 3-06,18f13f560d84e74b057d4624e56c142c2837f3a7ce1e1ae56d1d8b57ce7ba288
Overland Park 3-07,f7f9203a77ba9625a09d0fcf4fcba94b0d346b81f284557842fcb7ab327d24d8
Overland Park 3-08,8b4340605d5a27bb19d859bd03016b1f6afbe6262c390bffb41c1e004559912b
Overland Park 3-09,7257c33fd990812e3159a70921c0dc29ac2042f758a39327b1c5ebf7c14cd597
Overland Park 3-10,594760dda55d3b0ab207a9e20a78b41b618da00318fd5f47665550ba4b994d18
Overland Park 3-11,6479044fda8b9f6989f319b23ba11528eb5fea24702c558d9736c1f91e36f193
Overland Park 3-12,77ea26fd31c2bd5ada09a446c3ee40714aceccbe9befdc996f2af56f31284e4d
Overland Park 3-13,d7d37198543a1c0e8ab832b191ecb75f2c48f8ce42f06c0a131466d47a213a72
Overland Park 3-13,c1b074656da7d6357fdfbe7a926fbe1a8beaa7a0cce3edd98ebad683dab3d705
Overland Park 3-14,c9b2b398977579cabe8ba690d445a9d0962cd243b495f9021c2fd57e9632684a
Overland Park 3-15,bbe0965f91a0caec945e5b1cde62527c471830770d893f7cd29c8ba826fa6694
Overland Park 3-15,82ea6754d287f0c0677cb56ec2a3c85f9ad99f19178abdab7f74c69a3e7282cd
Overland Park 3-16,f39459b032c356fc71a270baa5e34602cf1c918dfe3205f6bf7fc9065c28e4a9
Overland Park 3-17,ca2c14f190e435a37fac4fa044e1aef954e2298ac719d522a689af2500312812
Overland Park 3-18,cbf50ad65cb757c8ba820ea9517c5925e109324b991cda1970c4a66c66137bca
Overland Park 3-19,4f35623f9145cc12164638da3d05f91a0433276f801d35bfa4dc11f8ba74a388
Overland Park 3-20,a6b8078b2378f4d5b827bdc7050703b3669fee21ef728c97fb029f9ed5563c7f
Overland Park 3-21,5be3f5a1d425651f6d5c768a9b6e2b7eb8145eabd1c643992798c723160c53a3
Overland Park 3-22,ffd8380bf7471ba0825242d064efb6f317a4cec4438723ae5dc351c30a701b7d
Overland Park 4-01,5bb4e9631e5f520731e61143d861f23368f118db5dbcd7d0162162d98172a6f4
Overland Park 4-01,f40de62428cb8f6a9887ffaccbe90875bf65f2f46b563f4180301b092f458c9f
Overland Park 4-02,64ddb0f3856e58ebe8d5c1574c7857c325447d30e8463fca99c966977798ae70
Overland Park 4-02,34973fcaf6629fc7b61d48124c20e4059ea8553add7b5b61809a30395b2742a9
Overland Park 4-03,c73623dce543e319af88a0c57c84bb21b705506711c3bc430eb1721d1aeb5bde
Overland Park 4-03,d4df730aaf60171cbd3f4f1f15613e57ac4375f5178e6d0b24b946b02094ddda
Overland Park 4-04,f9c577987d085a421836d687ea379ab0dd704dba28c30cc94ee4cf0dc44a5df5
Overland Park 4-05,ee2b4c35ed324e8fee1b00552a4bf45675cbca4d41d784008dbc036297466201
Overland Park 4-06,8e28f6f78323458c4be90100253543cf307ef8b0e189be712456f0f98ceb04c5
Overland Park 4-07,35fd92676fde709579fa017b9504649fa5dc9a1176ed315394f7487636611e2a
Overland Park 4-08,6edb1eba029d510fffecc7ab626558761ada21eaa583e1648fa659e608c3378f
Overland Park 4-09,b7b3bd061cdf2215aaf62326fa98ce66f33deb37e5ea0d0b1d10ab68b2341226
Overland Park 4-09,f68d20406b4442be1c9839c6bad84d360a57bf22d3e4b4afd17e9b92b4ffcdf1
Overland Park 4-10,71fa1b882c44936fe37a26fe2eba7d726f9cd488e40822e174a6a5103d27c383
Overland Park 4-11,ca327b019ecc38bedda18a9c6483119737cc10671f737afa69134c3dd7da3cf2
Overland Park 4-12,cea0e0ea8962110ce8a77575a7e834b1a00aebf8786c487be0db758135153834
Overland Park 4-13,ec4f75ec6c5d91ce8f348f87cea745672ee65facd01e62823963cd616366460c
Overland Park 4-14,929d3550b10d6f9be3610319fc99bd4b309cec8180e0f7b5a72dc3cf240ba324
Overland Park 4-15,18863ab4ba18827afbfc9754ecd47a9984959e9a725fc12898e0a4afe9d47aa6
Overland Park 4-16,786aaf3de5743bc581fdfe07cde380d66dab1936c02f8ae4852c53a0668640d9
Overland Park 4-17,7cd532df3f0d54f5c60dcb99273967d78995c6ff66f9c891780bba3853ebb459
Overland Park 4-17,c467e20c4d10ebeef70e4cae578f058c26bb31fa2b0a196d0a2d9211f54b9203
Overland Park 4-18,2841cd6ba256af0e363062025acf5004f739974a3172a693704bd33f64a39565
Overland Park 4-19,c34c9f9a3ba0c518e0835acd5ccd9add138d0f686dcee76c1c9688b60ebb8168
Overland Park 5-01,5cab32beb2fc916136d27fe1f832861a021ae3671a97ab4d61d1e1ed9e204b5c
Overland Park 5-02,a5272c5a93c5327917cd8254b10c5433f26328804f1b3b5d395baca034d02a2d
Overland Park 5-03,e2ac864898ac613b83ba3435c29f61bfd2c9f8f56a13cebf8ad9a1b0a69dc4d0
Overland Park 5-04,5cab32beb2fc916136d27fe1f832861a021ae3671a97ab4d61d1e1ed9e204b5c
Overland Park 5-05,d598d7c8428bf15c24335a34fcd40f9668e38dd5f83fd0a0fa594728ca74930d
Overland Park 5-06,6102de345287c0dd7f2c90661bd25c1d733a8fc840fe5e6debff4b8debd233b1
Overland Park 5-07,4d022e013d4070203909beab31aa9c8a8d8553203f7d287bece63fc89c15d5c3
Overland Park 5-08,cb603c55ecbe1d173d3e2471d23be0733caec5e3f38231c1c61277d00f59b730
Overland Park 5-09,3d60f6fd9db5d90ffb094d812eaef625c7a9113ff1f88652d931019cbe799c9c
Overland Park 5-10,06798969823304fbc7217533da415badfb9fd9efb6d5abfc65b3262154971915
Overland Park 5-11,17baa3ad94127e1b3704b441c9113afc2455408102e8da77fc309a3b8a6ee2a9
Overland Park 5-12,2c52f2fe0e62b04f9a9478bb15ed85c5beed1c7912bab3d8b64186cbd59f6bdc
Overland Park 5-13,db2f59ac67b859ab11232ca58f673370f5f5c18fba7b097cc3c607cb4bc6e9fd
Overland Park 5-14,bb8f34e57f0be18aa7dcd4adf35f56f761814184091415c0d230af07b685c20c
Overland Park 5-15,4f666c94244784bb58d5874d9a6b3cec5a9d36d62ec30f2c752d7b096ec27fb8
Overland Park 5-16,3d60f6fd9db5d90ffb094d812eaef625c7a9113ff1f88652d931019cbe799c9c
Overland Park 5-17,69894a9137a7a94ec0ff9ede1793bd8975f47ce86a2f18d80060b5160466dc38
Overland Park 5-18,f382eecac444f2135550136fc9a2b0736e210e9fd22c90c4c3ba0bc0ab2a94e0
Overland Park 6-01,5c5fbfd6a51d3f21c7d9eef933b9f439ad117fbc9ca31280bb806266047d91d3
Overland Park 6-02,530921fde6ce4178f02911d82ec455c741ce9220cefb783b02e0e974f53060dc
Overland Park 6-03,422c1cee4dbf5ca3bbda7111aebe6b32549bb25e9024b11df9c7a6619f1c32a2
Overland Park 6-04,e0f288c2549864ae1109884a8da6b13df80cbbb673a835ae3717a079ba857043
Overland Park 6-05,3b748c68842a0d380cd2402818447a23551a6943b9416d815be55ab1944b6d07
Overland Park 6-06,0723a008a649a0880fc7c9debf068d365d9d3e2f5c95fc2c739774f240fe507f
Overland Park 6-07,416e7d2daf63261195dd5e888a3370e80253332832ce65cdadd79071829c3559
Overland Park 6-08,600c0a7978dc176cd285b904f15940d211069a63fd535c64a78104334a03d50d
Overland Park 6-08,fc1368aa64ac8c7c1d2530d2cfd408a249172545b2b68e9f6129a6f230c3840c
Overland Park 6-09,5bce08dfc7959853674681f68f70deb202585eafe37a45ad870a46e7fd82812c
Overland Park 6-10,a1a4221d24a38fcdfcee651e558d94ba634655055ce65e00ee9e4e8f87eac344
Overland Park 6-11,6e5a92d7c39f077e75b3e1422f04f01687e238683be2b0b5452b6c421d365e60
Overland Park 6-12,533f6278907e283ace3b43c39241f6d7c934afc55a2a87a9a0cd866354be8502
Overland Park 6-13,cab668524406d42f9c98dcb7faea3a440c56473e51a621e38b934a59328fa087
Overland Park 6-14,8d4b2113cc5fff355c31b709e024901cbdc4443632da3e0ef13f306a9a847f5e
Overland Park 6-15,aca22e0f3e2d8733c6cfb42f093a2cf2edab6e9a852ba577a91fe841c3b170a2
Overland Park 6-16,e0f288c2549864ae1109884a8da6b13df80cbbb673a835ae3717a079ba857043
Overland Park 6-17,10940fd9562a82c9f23011dfbb3e61495fa2941d914d8687d5d6c1190c285f35
Overland Park 6-18,beab8eef165503e64159c1550715b034de259efba2cccf7a92505ac413816e01
Overland Park 6-19,6e5a92d7c39f077e75b3e1422f04f01687e238683be2b0b5452b6c421d365e60
Overland Park 6-20,d9f1d79c64ea4a6f715bdd886423544f3a4765c4dc0d731e304086b8467c9688
Overland Park 6-20,85ad1053b60a9148fedeb5db92c1880e3887fc64ff96928d78c1feac34024141
Overland Park 6-20,50f9389ec3b7195ee0b60d2faad5a3dd76bdfe68a86bf85ca1b685205f80fb7b
Overland Park 6-21,48140dc89a4687c236bbaad99148e3aa54fb412ddbdf96c8fc635fb8567c4aec
Prairie Village 1-01,20acbadc1b9659e757ef2136326674ea63138f97498d80cf671b8c3668758fd2
Prairie Village 1-02,486143876055ea28a59a01e1cb4d49befd90a130692ef2c37155143963807587
Prairie Village 1-03,963f046af2e38becc6f2a9264ec25be74dd7ca95d050f133746242678f18ece8
Prairie Village 2-01,bfe90b8c820911ac42fa41aa0bd13f84095ffff2db7b11f0e40c88a93a078149
Prairie Village 2-02,e9940ba72931080d5b7012628717a09494b8f6c68deb4274a54331c263e07e8d
Prairie Village 2-03,240f013c5de8444078963530bf056dbdcc4df9cfdf2ac0818de486a48031d55f
Prairie Village 3-01,bfe90b8c820911ac42fa41aa0bd13f84095ffff2db7b11f0e40c88a93a078149
Prairie Village 3-02,38ea6adc23e57b83c7cb76c8445c59a48340e2d6b4a88487dde2668acb756b33
Prairie Village 3-03,f304152f8ce3b259094661b9c35538bf476a3a625ed36f91e2fa18d8b3ae70e4
Prairie Village 4-01,5acb75bc38788056bdc41667396161ac0d084dc63edafb30cef2e6af3cb885d6
Prairie Village 4-02,e0d4c395f0911f369b75e6ace2bbaef004eaf492751073185e037eb422491ec6
Prairie Village 4-03,0161a0865653360407cb3447fd3c688266cb1621f7ffbba5f7c633fdec939ceb
Prairie Village 5-01,ece87fc9e70cfccfa998505017ac6a94c4167db437cb65b3c90870975bf0c970
Prairie Village 5-02,816dfc7266ad27d34cfa221de09a93006f3f12189beec3ecc6f721522ee2ede6
Prairie Village 5-03,8ecf9fb9ee025c96140f9dc48219657a0b10c4f5b4377a659770a8f7462bb68c
Prairie Village 6-01,57d00a01d667a7ac8a0ae67f6c81863c6de29e756239f7839066a30d5b8d561b
Prairie Village 6-02,8267a55076f697ac43c62fa0220bef3c1b861ec50d02369875e9699a9bb736be
Prairie Village 6-03,ac8c4eca302be761cf94d15baf22ee099c10d54ff8846f9dee4ae2a6c4ff60f1
Roeland Park 1-01,0cf83b412b19fd3b4a5f4f7f94d9940fffc315d9b49a6f3c499be53216f5dbf0
Roeland Park 1-02,41809a6e65cac254bcae94cc609fa4ad6d37974017c2395170a03cdd1d54eaf6
Roeland Park 2-01,bced7a0420963a7e7a8bd1c689f4bf39fed63eb570a41bd85f6ed6c694c2451b
Roeland Park 2-02,dfa533e1ad1ab718df6b5a7ec75fd17001c6df9e8fbef3abf60dedae48ce509c
Roeland Park 3-01,233f054ab6268475b0df0bc8bc993a1d9f3b873901773e3e31d297d7fdb57a91
Roeland Park 3-02,05db13dfdb64b37aff4f7e154f8cdf7f23f313a725743b23299b0ba83cf3472a
Roeland Park 3-03,91d6c97f64f671ca2ff33678f9e772359dc24c63a94ae268dc3d393c82d655e4
Roeland Park 4-01,69a2cf8be0d29b3a8955818b2c29a76321c51daa6a13b984f82868259c8c50b9
Roeland Park 4-02,dfa533e1ad1ab718df6b5a7ec75fd17001c6df9e8fbef3abf60dedae48ce509c
Roeland Park 4-03,e01e4b76cc123aaec33aca7e38c605317a9347c2d064b7dd282977fd93ce1fd0
Shawnee 1-01,052c6a00c0795b2345033dbe6796100e4791382d2fbdcf10b557e1f0c5aa8bc8
Shawnee 1-02,5e4c4a97f48f72baeda0c1f5e8779eabaa058ed752768cb28cc8e138325a6b79
Shawnee 1-03,474d8e5149a29c5642cbbce66d6644ff081982b59c7e021e702cd7f27047b82d
Shawnee 1-04,8359b6a7bebc4a9b100d65b2a3b3e1d25ee3cfd39e75c459ad48573fed2b23f6
Shawnee 1-04,ce21cdaecb0f03642298e0bfc167bc11924f575f93405e050060b2acc13897c1
Shawnee 1-05,3978bf032a492135f322e66f9e14f349cb5524ee22e0ece1ed8357ed72652fff
Shawnee 1-05,6b5b836bcc4dc20731bb41c866ca5b85bf7cc15dc827c6ae48eb5aa5970a2e01
Shawnee 1-06,c01b5f73c62ca00bb0476fde284c94b3007010f01437382ddabbb3df8c52e77a
Shawnee 1-07,acb04bc66abdd20549dfe1b7fc45daa9253e941a9aa1a0b55c457536a10f1b9e
Shawnee 1-08,913689cbc382daacd7871c2bbfa746c55853ee470e862caf6dc1c689c98fbe0f
Shawnee 1-09,68b95977295af9cd9b3875cbb33317c3d9201714f5f833bb7a7d56102a76d389
Shawnee 1-09,99b76dc8752349085e723b40bb756258c251309b0d670f891a1ae9ea10f9877a
Shawnee 1-09,1448e38f74cd4039558bc8c59bcf048467d8c4090e8836de168752cece868079
Shawnee 1-09,1448e38f74cd4039558bc8c59bcf048467d8c4090e8836de168752cece868079
Shawnee 1-10,967c2ada0cd7e2c5eabb48be3f5d395304ea1037b4c9ca2722be39c8f5196250
Shawnee 1-10,fec0d678ef4011f19fc6d01910472b51a903e5757eca95948a550863d4ed9376
Shawnee 1-11,6a42a94d75f98711ebb762ac97f5c252007d9c19cf6e7b9d62d28fe60a1d06de
Shawnee 1-12,3586752756a232bcf1dd064c9fafdb7a1f30c688c0467892fac6f72e90c9fb45
Shawnee 1-12,b1bb0218fd5d69c4947e2217caf30436a7293ae6b70fccdd93eed1e0aff243e6
Shawnee 2-01,a138b9cd1608015ffe399b685c04ca80d11bc00fe3ec2cf762c56002a2bbe28d
Shawnee 2-01,ef9d7c75a4b1644ce57b795e8724264c0a771c51b5654ba6d60314c399512579
Shawnee 2-02,74ad251d85fa9b3e395209a86aacac71eae53d1d707342b09e7403a597392824
Shawnee 2-03,a48a3f4fb584a2ec3c2634ec8fcb24edde8133f203c997d71cb1317a18590c3b
Shawnee 2-04,6c9c532c682e8e4b851dd15823296be46ccb4195f25c647f489564fed92f36c8
Shawnee 2-05,8573c9a0df36e9a9d4500f9ffa14c3c1b586880b831b184e3f47f459f93c6c39
Shawnee 2-06,e5c6c57cf5dc298df99961bc67316030a609cb227cb601c8d70cdb5cdf873b26
Shawnee 2-07,a057dd02b56025670e3d10aa2698e61532d6b43ffe8e9c43d99c71b78258d76c
Shawnee 2-07,38ce020b1be08b9c83f9f082817a1fe63d4874621e96a541aba5528c6a92a9da
Shawnee 2-08,0696ae77247097cb63a5c4d8e5498e9ec4b190727446f46242dd7c2de5e554ac
Shawnee 2-09,e2f28935cebfe662f26f21c59fc063649e76dd1365931a3d6cefd8b70f0d8420
Shawnee 2-10,ccbdbe408cc75c104728e5c044020192659705d633b03bdb6998b1eb822fad56
Shawnee 2-11,823d587a878a69dfb24fb362f27afa92278a7a805fd12e73c178dfea7421fe88
Shawnee 2-12,e7acbdfea258aa35207bd5118afbd2c4380ee3acf1c61a45817c9ead508baf38
Shawnee 2-13,86ef8ad74b2523630f666fde82ceadc738feefab24e47178e0af42e4e40b0b51
Shawnee 3-01,8d8cc7bda19c74de805f97e0ecb5a471a4b3e770beb85f82268833000ca80716
Shawnee 3-02,6defe6d940736705ee1d8ddfe2cfdce703f5939bf2a81a96aefac43c01fcc825
Shawnee 3-03,2e8a25fd8e8c7f64969cee6bf24c3de3ec12662c1c6f477a7eaa71425c30c863
Shawnee 3-04,af26a5bb17b4d0c20693192b8fd43f4e5be6448239b19e7b70facb77891ef386
Shawnee 3-04,9452dd0d4c4a1cc7a89b1df504be6b805eedcde5fcab32cc8d6c837f5efacf3f
Shawnee 3-04,5fa04efacd5186965043db0f9edbbf39d4ff4364a37a289fd42d144035a3083f
Shawnee 3-05,f5831ecfbc0bd9ade50b4b3b0e898ef586ec278bffb34782e6a16ff7df9746f4
Shawnee 3-05,4116032547d553e83600af2071d36e959aad9a4ce9b2a7b3b5cf8e43d6b51a42
Shawnee 3-05,00fa655e842a9f314f5944315fdc99e4869a8811dfb7b9a6c96533bb870288e2
Shawnee 3-05,877f6fc274154e0955154150c2425ace20d1c63e5d5b0ba7836b0bbae6c53179
Shawnee 3-05,b968f5c6d80bc232c193b0eda32898380d1add05c4e6607b927f23d8770ddda7
Shawnee 3-06,ab021d28e9663fe02107e3b6ce2330bdf5cfda86cd45053f03c8a1c7b17adac1
Shawnee 3-07,d468d0002ad70120c6be36c69a440a4844eb6975d7298d3d24cbda6a2d7fcda4
Shawnee 3-08,656fb40925b357e5b2b7e96a1f5ab97c0fa53faf25f991c41e956cf9a879251c
Shawnee 3-09,b49c10dc27bfb00a7bd047a8c9e88b28162e7042e8ddbcc0d41c489c2d526b5d
Shawnee 3-09,ef3d5d608483abd92e8c0ebecc377ea9ec07b7a9efeb5bb6a30115a0f7754f93
Shawnee 4-01,d7079c9aa7c6f9520517c5fbf2df2d575c91150a3281ceef95add53466053fd2
Shawnee 4-02,d7704768cc35840f40a17759925158ce722398fb6c6a6f4265789b90004b693c
Shawnee 4-03,8317cf18940b6535288105f43981b3741d2a64f5b6c3899f8dc7d3943ad03510
Shawnee 4-04,bc3b267b0b2c31dddac4e6c03a73880fffa7455357f421b2af3f49d58f0ee1fa
Shawnee 4-05,2558af01192e492fc970095ed44908e88128b029b1ed61cc06c2b65194f98396
Shawnee 4-06,4c63faf5f02686dfbd4429eaf7dad6772c2980b3c84d3b41f8266e981a82b9e0
Shawnee 4-07,a432a90bcad2117c844bade7c08e5596178697ec5c2a625f48878e363716d002
Shawnee 4-08,c9bb1d010a176728366d3d2f512d3643d89e342b5a163ddc0eabfb11640c35ce
Shawnee 4-09,598da8645377f6896875aa630e6470c99ef879feb78c52d3da00ef28a0f49466
Shawnee 4-10,c10a05a9324ab8551f8fc2873cd1545096b5055cdafe75b48817967f83a77b8e
Shawnee 4-11,2a18559cd8ae423456ba41b0f99ae2fe1368336e30ce20fc4c808f91c1645808
Shawnee 4-12,f767cb2e1fd74f99f12233aec50c568415ba0d3c05c3dcb4ca411e3acf2d4436
Westwood 0-01,6507e8159f757b17b3c8ade7b79601395b1de82f5eb700a945c4c26bee4cbd2a
Westwood 0-02,c44251c49bbe862fd931c6afb8688ca4d67c72f20601ba535c28ea8f3f300422
Westwood Hills 0-01,202a26a1156d92666ee294d8025a0428d763b43e5815caad0ba2fb0164d5071b
Lake Quivira 0-01,9d06b9612c58803314e108981013091d84c9b017b5eed51d1265a71a88080084
Bonner Springs 4-01,d823e315d4317dbf48405697584423673c21e7ca49db2ab8bf94953dd3857a68
Bonner Springs 4-01,b00ae49bd81649b8104cc73df9c2f4ca66d67fee0945409fff94680ad614b51a
